Workbook

Sheet Данные
A1: Герой | B1: Пикрейт 12 мес., % | C1: Винрейт 12 мес., % | D1: Пикрейт 7 дней, % | E1: Винрейт 7 дней, % | F1: Разность пикрейта, п. п. | G1: Разность винрейта, п. п. | H1: Ранг PR 12 мес. | I1: Ранг WR 12 мес. | J1: Ранг PR 7 дней | K1: Ранг WR 7 дней | L1: Ранг разности PR | M1: Ранг разности WR
A2: Phantom Lancer | B2: 10.44 | C2: 52.83 | D2: 12.99 | E2: 53.27 | F2: =ROUND(D2-B2,2) -> 2.55 | G2: =ROUND(E2-C2,2) -> 0.44 | H2: =RANK(B2,B$2:B$128,1)+(COUNTIF(B$2:B$128,B2)-1)/2 -> 92 | I2: =RANK(C2,C$2:C$128,1)+(COUNTIF(C$2:C$128,C2)-1)/2 -> 123 | J2: =RANK(D2,D$2:D$128,1)+(COUNTIF(D$2:D$128,D2)-1)/2 -> 103 | K2: =RANK(E2,E$2:E$128,1)+(COUNTIF(E$2:E$128,E2)-1)/2 -> 126 | L2: =RANK(F2,F$2:F$128,1)+(COUNTIF(F$2:F$128,F2)-1)/2 -> 117.5 | M2: =RANK(G2,G$2:G$128,1)+(COUNTIF(G$2:G$128,G2)-1)/2 -> 92
A3: Outworld Destroyer | B3: 6.22 | C3: 51.73 | D3: 12.23 | E3: 53.25 | F3: =ROUND(D3-B3,2) -> 6.01 | G3: =ROUND(E3-C3,2) -> 1.52 | H3: =RANK(B3,B$2:B$128,1)+(COUNTIF(B$2:B$128,B3)-1)/2 -> 63 | I3: =RANK(C3,C$2:C$128,1)+(COUNTIF(C$2:C$128,C3)-1)/2 -> 112 | J3: =RANK(D3,D$2:D$128,1)+(COUNTIF(D$2:D$128,D3)-1)/2 -> 99 | K3: =RANK(E3,E$2:E$128,1)+(COUNTIF(E$2:E$128,E3)-1)/2 -> 125 | L3: =RANK(F3,F$2:F$128,1)+(COUNTIF(F$2:F$128,F3)-1)/2 -> 126 | M3: =RANK(G3,G$2:G$128,1)+(COUNTIF(G$2:G$128,G3)-1)/2 -> 126
A4: Wraith King | B4: 11.19 | C4: 54.22 | D4: 12.47 | E4: 55.01 | F4: =ROUND(D4-B4,2) -> 1.28 | G4: =ROUND(E4-C4,2) -> 0.79 | H4: =RANK(B4,B$2:B$128,1)+(COUNTIF(B$2:B$128,B4)-1)/2 -> 99 | I4: =RANK(C4,C$2:C$128,1)+(COUNTIF(C$2:C$128,C4)-1)/2 -> 127 | J4: =RANK(D4,D$2:D$128,1)+(COUNTIF(D$2:D$128,D4)-1)/2 -> 102 | K4: =RANK(E4,E$2:E$128,1)+(COUNTIF(E$2:E$128,E4)-1)/2 -> 127 | L4: =RANK(F4,F$2:F$128,1)+(COUNTIF(F$2:F$128,F4)-1)/2 -> 105.5 | M4: =RANK(G4,G$2:G$128,1)+(COUNTIF(G$2:G$128,G4)-1)/2 -> 114
A5: Pudge | B5: 26.9 | C5: 51.28 | D5: 27.5 | E5: 51.21 | F5: =ROUND(D5-B5,2) -> 0.6 | G5: =ROUND(E5-C5,2) -> -0.07 | H5: =RANK(B5,B$2:B$128,1)+(COUNTIF(B$2:B$128,B5)-1)/2 -> 127 | I5: =RANK(C5,C$2:C$128,1)+(COUNTIF(C$2:C$128,C5)-1)/2 -> 100 | J5: =RANK(D5,D$2:D$128,1)+(COUNTIF(D$2:D$128,D5)-1)/2 -> 127 | K5: =RANK(E5,E$2:E$128,1)+(COUNTIF(E$2:E$128,E5)-1)/2 -> 94 | L5: =RANK(F5,F$2:F$128,1)+(COUNTIF(F$2:F$128,F5)-1)/2 -> 88 | M5: =RANK(G5,G$2:G$128,1)+(COUNTIF(G$2:G$128,G5)-1)/2 -> 69
A6: Spirit Breaker | B6: 14.1 | C6: 51.72 | D6: 16.97 | E6: 52.37 | F6: =ROUND(D6-B6,2) -> 2.87 | G6: =ROUND(E6-C6,2) -> 0.65 | H6: =RANK(B6,B$2:B$128,1)+(COUNTIF(B$2:B$128,B6)-1)/2 -> 112 | I6: =RANK(C6,C$2:C$128,1)+(COUNTIF(C$2:C$128,C6)-1)/2 -> 111 | J6: =RANK(D6,D$2:D$128,1)+(COUNTIF(D$2:D$128,D6)-1)/2 -> 120 | K6: =RANK(E6,E$2:E$128,1)+(COUNTIF(E$2:E$128,E6)-1)/2 -> 116 | L6: =RANK(F6,F$2:F$128,1)+(COUNTIF(F$2:F$128,F6)-1)/2 -> 119 | M6: =RANK(G6,G$2:G$128,1)+(COUNTIF(G$2:G$128,G6)-1)/2 -> 108.5
A7: Legion Commander | B7: 15.22 | C7: 52.88 | D7: 15.48 | E7: 52.67 | F7: =ROUND(D7-B7,2) -> 0.26 | G7: =ROUND(E7-C7,2) -> -0.21 | H7: =RANK(B7,B$2:B$128,1)+(COUNTIF(B$2:B$128,B7)-1)/2 -> 116 | I7: =RANK(C7,C$2:C$128,1)+(COUNTIF(C$2:C$128,C7)-1)/2 -> 124 | J7: =RANK(D7,D$2:D$128,1)+(COUNTIF(D$2:D$128,D7)-1)/2 -> 113 | K7: =RANK(E7,E$2:E$128,1)+(COUNTIF(E$2:E$128,E7)-1)/2 -> 118 | L7: =RANK(F7,F$2:F$128,1)+(COUNTIF(F$2:F$128,F7)-1)/2 -> 80 | M7: =RANK(G7,G$2:G$128,1)+(COUNTIF(G$2:G$128,G7)-1)/2 -> 60
A8: Spectre | B8: 9.91 | C8: 53.7 | D8: 9.74 | E8: 52.97 | F8: =ROUND(D8-B8,2) -> -0.17 | G8: =ROUND(E8-C8,2) -> -0.73 | H8: =RANK(B8,B$2:B$128,1)+(COUNTIF(B$2:B$128,B8)-1)/2 -> 89 | I8: =RANK(C8,C$2:C$128,1)+(COUNTIF(C$2:C$128,C8)-1)/2 -> 126 | J8: =RANK(D8,D$2:D$128,1)+(COUNTIF(D$2:D$128,D8)-1)/2 -> 89 | K8: =RANK(E8,E$2:E$128,1)+(COUNTIF(E$2:E$128,E8)-1)/2 -> 122.5 | L8: =RANK(F8,F$2:F$128,1)+(COUNTIF(F$2:F$128,F8)-1)/2 -> 61.5 | M8: =RANK(G8,G$2:G$128,1)+(COUNTIF(G$2:G$128,G8)-1)/2 -> 38
A9: Dragon Knight | B9: 7.19 | C9: 49.73 | D9: 14.5 | E9: 52.89 | F9: =ROUND(D9-B9,2) -> 7.31 | G9: =ROUND(E9-C9,2) -> 3.16 | H9: =RANK(B9,B$2:B$128,1)+(COUNTIF(B$2:B$128,B9)-1)/2 -> 76 | I9: =RANK(C9,C$2:C$128,1)+(COUNTIF(C$2:C$128,C9)-1)/2 -> 59 | J9: =RANK(D9,D$2:D$128,1)+(COUNTIF(D$2:D$128,D9)-1)/2 -> 109 | K9: =RANK(E9,E$2:E$128,1)+(COUNTIF(E$2:E$128,E9)-1)/2 -> 121 | L9: =RANK(F9,F$2:F$128,1)+(COUNTIF(F$2:F$128,F9)-1)/2 -> 127 | M9: =RANK(G9,G$2:G$128,1)+(COUNTIF(G$2:G$128,G9)-1)/2 -> 127
A10: Meepo | B10: 2.22 | C10: 52.36 | D10: 2.04 | E10: 52.97 | F10: =ROUND(D10-B10,2) -> -0.18 | G10: =ROUND(E10-C10,2) -> 0.61 | H10: =RANK(B10,B$2:B$128,1)+(COUNTIF(B$2:B$128,B10)-1)/2 -> 8 | I10: =RANK(C10,C$2:C$128,1)+(COUNTIF(C$2:C$128,C10)-1)/2 -> 121 | J10: =RANK(D10,D$2:D$128,1)+(COUNTIF(D$2:D$128,D10)-1)/2 -> 8 | K10: =RANK(E10,E$2:E$128,1)+(COUNTIF(E$2:E$128,E10)-1)/2 -> 122.5 | L10: =RANK(F10,F$2:F$128,1)+(COUNTIF(F$2:F$128,F10)-1)/2 -> 59 | M10: =RANK(G10,G$2:G$128,1)+(COUNTIF(G$2:G$128,G10)-1)/2 -> 105.5
A11: Juggernaut | B11: 16.15 | C11: 52.25 | D11: 17.14 | E11: 52.49 | F11: =ROUND(D11-B11,2) -> 0.99 | G11: =ROUND(E11-C11,2) -> 0.24 | H11: =RANK(B11,B$2:B$128,1)+(COUNTIF(B$2:B$128,B11)-1)/2 -> 119 | I11: =RANK(C11,C$2:C$128,1)+(COUNTIF(C$2:C$128,C11)-1)/2 -> 120 | J11: =RANK(D11,D$2:D$128,1)+(COUNTIF(D$2:D$128,D11)-1)/2 -> 122 | K11: =RANK(E11,E$2:E$128,1)+(COUNTIF(E$2:E$128,E11)-1)/2 -> 117 | L11: =RANK(F11,F$2:F$128,1)+(COUNTIF(F$2:F$128,F11)-1)/2 -> 98 | M11: =RANK(G11,G$2:G$128,1)+(COUNTIF(G$2:G$128,G11)-1)/2 -> 84.5
A12: Anti-Mage | B12: 13.63 | C12: 50.24 | D12: 16.88 | E12: 51.22 | F12: =ROUND(D12-B12,2) -> 3.25 | G12: =ROUND(E12-C12,2) -> 0.98 | H12: =RANK(B12,B$2:B$128,1)+(COUNTIF(B$2:B$128,B12)-1)/2 -> 109 | I12: =RANK(C12,C$2:C$128,1)+(COUNTIF(C$2:C$128,C12)-1)/2 -> 75 | J12: =RANK(D12,D$2:D$128,1)+(COUNTIF(D$2:D$128,D12)-1)/2 -> 119 | K12: =RANK(E12,E$2:E$128,1)+(COUNTIF(E$2:E$128,E12)-1)/2 -> 95 | L12: =RANK(F12,F$2:F$128,1)+(COUNTIF(F$2:F$128,F12)-1)/2 -> 121 | M12: =RANK(G12,G$2:G$128,1)+(COUNTIF(G$2:G$128,G12)-1)/2 -> 117
A13: Witch Doctor | B13: 16.73 | C13: 52.09 | D13: 17.09 | E13: 52.11 | F13: =ROUND(D13-B13,2) -> 0.36 | G13: =ROUND(E13-C13,2) -> 0.02 | H13: =RANK(B13,B$2:B$128,1)+(COUNTIF(B$2:B$128,B13)-1)/2 -> 121 | I13: =RANK(C13,C$2:C$128,1)+(COUNTIF(C$2:C$128,C13)-1)/2 -> 117 | J13: =RANK(D13,D$2:D$128,1)+(COUNTIF(D$2:D$128,D13)-1)/2 -> 121 | K13: =RANK(E13,E$2:E$128,1)+(COUNTIF(E$2:E$128,E13)-1)/2 -> 111 | L13: =RANK(F13,F$2:F$128,1)+(COUNTIF(F$2:F$128,F13)-1)/2 -> 82 | M13: =RANK(G13,G$2:G$128,1)+(COUNTIF(G$2:G$128,G13)-1)/2 -> 74
... A128: Nature's Prophet | B128: 10.21 | C128: 44.28 | D128: 8.5 | E128: 43.36 | F128: =ROUND(D128-B128,2) -> -1.71 | G128: =ROUND(E128-C128,2) -> -0.92 | H128: =RANK(B128,B$2:B$128,1)+(COUNTIF(B$2:B$128,B128)-1)/2 -> 91 | I128: =RANK(C128,C$2:C$128,1)+(COUNTIF(C$2:C$128,C128)-1)/2 -> 1 | J128: =RANK(D128,D$2:D$128,1)+(COUNTIF(D$2:D$128,D128)-1)/2 -> 83 | K128: =RANK(E128,E$2:E$128,1)+(COUNTIF(E$2:E$128,E128)-1)/2 -> 2 | L128: =RANK(F128,F$2:F$128,1)+(COUNTIF(F$2:F$128,F128)-1)/2 -> 19 | M128: =RANK(G128,G$2:G$128,1)+(COUNTIF(G$2:G$128,G128)-1)/2 -> 28.5

Sheet Расчеты
A1: Связь пикрейта и винрейта за 7 дней и 12 месяцев
A3: Число героев | B3: =COUNT(Данные!B2:B128) -> 127
A5: Пикрейт и винрейт за 12 месяцев: Спирмен | B5: =CORREL(Данные!H2:H128,Данные!I2:I128) -> 0.24616324
A6: p (двустороннее t-приближение) | B6: =TDIST(ABS(B5*SQRT((B3-2)/(1-B5^2))),B3-2,2) -> 0.0052748261
A8: Пикрейт и винрейт за 7 дней: Спирмен | B8: =CORREL(Данные!J2:J128,Данные!K2:K128) -> 0.36410813
A9: p (двустороннее t-приближение) | B9: =TDIST(ABS(B8*SQRT((B3-2)/(1-B8^2))),B3-2,2) -> 2.5752606e-05
A11: Разности «7 дней минус 12 месяцев»: Спирмен | B11: =CORREL(Данные!L2:L128,Данные!M2:M128) -> 0.46757921
A12: p (двустороннее t-приближение) | B12: =TDIST(ABS(B11*SQRT((B3-2)/(1-B11^2))),B3-2,2) -> 2.9841648e-08
A14: Средний пикрейт за 12 месяцев, % | B14: =AVERAGE(Данные!B2:B128) -> 7.8743307
A15: Медиана пикрейта за 12 месяцев, % | B15: =MEDIAN(Данные!B2:B128) -> 6.41
A16: Минимум пикрейта за 12 месяцев, % | B16: =MIN(Данные!B2:B128) -> 0.73
A17: Максимум пикрейта за 12 месяцев, % | B17: =MAX(Данные!B2:B128) -> 26.9
A18: Средний винрейт за 12 месяцев, % | B18: =AVERAGE(Данные!C2:C128) -> 49.705748
A20: Средний пикрейт за 7 дней, % | B20: =AVERAGE(Данные!D2:D128) -> 7.8744094
A21: Медиана пикрейта за 7 дней, % | B21: =MEDIAN(Данные!D2:D128) -> 5.94
A22: Минимум пикрейта за 7 дней, % | B22: =MIN(Данные!D2:D128) -> 0.54
A23: Максимум пикрейта за 7 дней, % | B23: =MAX(Данные!D2:D128) -> 27.5
A24: Средний винрейт за 7 дней, % | B24: =AVERAGE(Данные!E2:E128) -> 49.463386
A26: Разности PR и WR имеют одинаковый знак, героев | B26: =SUMPRODUCT((Данные!F2:F128>0)*(Данные!G2:G128>0))+SUMPRODUCT((Данные!F2:F128<0)*(Данные!G2:G128<0)) -> 87
A27: Разности PR и WR имеют противоположные знаки, героев | B27: =SUMPRODUCT((Данные!F2:F128>0)*(Данные!G2:G128<0))+SUMPRODUCT((Данные!F2:F128<0)*(Данные!G2:G128>0)) -> 40
A28: Хотя бы одна разность равна нулю, героев | B28: =B3-B26-B27 -> 0
A29: Средняя абсолютная разность пикрейта, п. п. | B29: =(SUMIF(Данные!F2:F128,">0",Данные!F2:F128)-SUMIF(Данные!F2:F128,"<0",Данные!F2:F128))/B3 -> 1.31
